scenario,iterations,min_ms,avg_ms,median_ms,p95_ms,max_ms,status_codes
text,5,103.66957262158394,231.6767666488886,112.87657171487808,581.8539168685674,690.75932726264,"{""200"": 5}"
vector,5,336.56872250139713,347.3329197615385,340.8567328006029,364.31984938681126,367.67913959920406,"{""200"": 5}"
hybrid,5,370.2028449624777,406.03869929909706,406.87584318220615,440.6886976212263,441.8510366231203,"{""200"": 5}"
ask_simple,N/D,N/D,N/D,N/D,N/D,N/D,{}
